-- Grupo 3 INSERT DATOS

insert into grupo3.HUESPED(huesped_id,nombre,apellido,dni,telefono,pais) values (1,'Jose','Diaz','19260145','938983573','Peru')
insert into grupo3.HUESPED(huesped_id,nombre,apellido,dni,telefono,pais) values (2,'Manuel','Peña','28216507','974979650','Italia')
insert into grupo3.HUESPED(huesped_id,nombre,apellido,dni,telefono,pais) values (3,'Rodrigo','Cueva','30687765','960489053','USA')
insert into grupo3.HUESPED(huesped_id,nombre,apellido,dni,telefono,pais) values (4,'Alfredo','Carrillo','40640202','994755957','USA')
insert into grupo3.HUESPED(huesped_id,nombre,apellido,dni,telefono,pais) values (5,'Alex','Quispe','84102832','914950453','Italia')
insert into grupo3.HUESPED(huesped_id,nombre,apellido,dni,telefono,pais) values (6,'Adriana','Ramirez','14967183','912904543','Argentina')
insert into grupo3.HUESPED(huesped_id,nombre,apellido,dni,telefono,pais) values (7,'Felipe','Aguirre','36343437','919047180','España')
insert into grupo3.HUESPED(huesped_id,nombre,apellido,dni,telefono,pais) values (8,'Isabel','Lazo','46978460','916196596','USA')
insert into grupo3.HUESPED(huesped_id,nombre,apellido,dni,telefono,pais) values (9,'Silvia','Peña','83376698','925283252','Italia')
insert into grupo3.HUESPED(huesped_id,nombre,apellido,dni,telefono,pais) values (10,'Andrea','Carrillo','55047959','943284349','Peru')
insert into grupo3.HUESPED(huesped_id,nombre,apellido,dni,telefono,pais) values (11,'Maria','Diaz','40202737','977486006','USA')
INSERT into grupo3.HUESPED(huesped_id,nombre,apellido,dni,telefono,pais) values (12,'Fernanda','Lopez','50238972','984478269','USA')
go

insert into grupo3.TIPO_HABITACION(tipo_habitacion_id,nombre_tipo,precio_diario) values (1,'Simple',30)
insert into grupo3.TIPO_HABITACION(tipo_habitacion_id,nombre_tipo,precio_diario) values (2,'Matrimonial',60)
insert into grupo3.TIPO_HABITACION(tipo_habitacion_id,nombre_tipo,precio_diario) values (3,'Familiar',90)
insert into grupo3.TIPO_HABITACION(tipo_habitacion_id,nombre_tipo,precio_diario) values (4,'Suite_Principal',120)
go

insert into grupo3.HABITACION(habitacion_id,tipo_habitacion_id,numero,piso) values (1,1,101,1)
insert into grupo3.HABITACION(habitacion_id,tipo_habitacion_id,numero,piso) values (2,1,102,1)
insert into grupo3.HABITACION(habitacion_id,tipo_habitacion_id,numero,piso) values (3,1,103,1)
insert into grupo3.HABITACION(habitacion_id,tipo_habitacion_id,numero,piso) values (4,1,104,1)
insert into grupo3.HABITACION(habitacion_id,tipo_habitacion_id,numero,piso) values (5,1,105,1)
insert into grupo3.HABITACION(habitacion_id,tipo_habitacion_id,numero,piso) values (6,1,106,1)
insert into grupo3.HABITACION(habitacion_id,tipo_habitacion_id,numero,piso) values (7,1,107,1)
insert into grupo3.HABITACION(habitacion_id,tipo_habitacion_id,numero,piso) values (8,1,108,1)
insert into grupo3.HABITACION(habitacion_id,tipo_habitacion_id,numero,piso) values (9,1,109,1)
insert into grupo3.HABITACION(habitacion_id,tipo_habitacion_id,numero,piso) values (10,1,110,1)
insert into grupo3.HABITACION(habitacion_id,tipo_habitacion_id,numero,piso) values (11,2,201,2)
insert into grupo3.HABITACION(habitacion_id,tipo_habitacion_id,numero,piso) values (12,2,202,2)
insert into grupo3.HABITACION(habitacion_id,tipo_habitacion_id,numero,piso) values (13,2,203,2)
insert into grupo3.HABITACION(habitacion_id,tipo_habitacion_id,numero,piso) values (14,2,204,2)
insert into grupo3.HABITACION(habitacion_id,tipo_habitacion_id,numero,piso) values (15,2,205,2)
insert into grupo3.HABITACION(habitacion_id,tipo_habitacion_id,numero,piso) values (16,2,206,2)
insert into grupo3.HABITACION(habitacion_id,tipo_habitacion_id,numero,piso) values (17,2,207,2)
insert into grupo3.HABITACION(habitacion_id,tipo_habitacion_id,numero,piso) values (18,2,208,2)
insert into grupo3.HABITACION(habitacion_id,tipo_habitacion_id,numero,piso) values (19,2,209,2)
insert into grupo3.HABITACION(habitacion_id,tipo_habitacion_id,numero,piso) values (20,2,210,2)
insert into grupo3.HABITACION(habitacion_id,tipo_habitacion_id,numero,piso) values (21,3,301,2)
insert into grupo3.HABITACION(habitacion_id,tipo_habitacion_id,numero,piso) values (22,3,302,3)
insert into grupo3.HABITACION(habitacion_id,tipo_habitacion_id,numero,piso) values (23,3,303,3)
insert into grupo3.HABITACION(habitacion_id,tipo_habitacion_id,numero,piso) values (24,3,304,3)
insert into grupo3.HABITACION(habitacion_id,tipo_habitacion_id,numero,piso) values (25,3,305,3)
insert into grupo3.HABITACION(habitacion_id,tipo_habitacion_id,numero,piso) values (26,3,306,3)
insert into grupo3.HABITACION(habitacion_id,tipo_habitacion_id,numero,piso) values (27,3,307,3)
insert into grupo3.HABITACION(habitacion_id,tipo_habitacion_id,numero,piso) values (28,3,308,3)
insert into grupo3.HABITACION(habitacion_id,tipo_habitacion_id,numero,piso) values (29,3,309,3)
insert into grupo3.HABITACION(habitacion_id,tipo_habitacion_id,numero,piso) values (30,3,310,3)
insert into grupo3.HABITACION(habitacion_id,tipo_habitacion_id,numero,piso) values (31,4,311,3)
insert into grupo3.HABITACION(habitacion_id,tipo_habitacion_id,numero,piso) values (32,4,312,3)
insert into grupo3.HABITACION(habitacion_id,tipo_habitacion_id,numero,piso) values (33,4,313,3)
go


insert into grupo3.SATISFACCION(satisfaccion_id,nivel_satisfaccion) values (1,'TOTALMENTE INSATISFECHO')
insert into grupo3.SATISFACCION(satisfaccion_id,nivel_satisfaccion) values (2,'NI SATISFECHO NI INSATISFECHO')
insert into grupo3.SATISFACCION(satisfaccion_id,nivel_satisfaccion) values (3,'TOTALMENTE SATISFECHO')
go




insert into grupo3.RESERVA(reserva_id,fecha_checking,fecha_checkout,habitacion_id,huesped_id,satisfaccion_id) values (1,'2021-01-01T00:00:00','2021-01-02T00:00:00',7,1,3)
insert into grupo3.RESERVA(reserva_id,fecha_checking,fecha_checkout,habitacion_id,huesped_id,satisfaccion_id) values (2,'2021-01-27T00:00:00','2021-02-02T00:00:00',18,2,2)
insert into grupo3.RESERVA(reserva_id,fecha_checking,fecha_checkout,habitacion_id,huesped_id,satisfaccion_id) values (3,'2021-02-08T00:00:00','2021-02-09T00:00:00',22,11,3)
insert into grupo3.RESERVA(reserva_id,fecha_checking,fecha_checkout,habitacion_id,huesped_id,satisfaccion_id) values (4,'2021-03-16T00:00:00','2021-03-20T00:00:00',25,11,3)
insert into grupo3.RESERVA(reserva_id,fecha_checking,fecha_checkout,habitacion_id,huesped_id,satisfaccion_id) values (5,'2021-05-05T00:00:00','2021-05-11T00:00:00',5,4,1)
insert into grupo3.RESERVA(reserva_id,fecha_checking,fecha_checkout,habitacion_id,huesped_id,satisfaccion_id) values (6,'2021-06-13T00:00:00','2021-06-20T00:00:00',31,5,1)
insert into grupo3.RESERVA(reserva_id,fecha_checking,fecha_checkout,habitacion_id,huesped_id,satisfaccion_id) values (7,'2021-08-01T00:00:00','2021-08-04T00:00:00',18,12,1)
insert into grupo3.RESERVA(reserva_id,fecha_checking,fecha_checkout,habitacion_id,huesped_id,satisfaccion_id) values (8,'2021-08-23T00:00:00','2021-08-30T00:00:00',20,8,2)
insert into grupo3.RESERVA(reserva_id,fecha_checking,fecha_checkout,habitacion_id,huesped_id,satisfaccion_id) values (9,'2021-09-03T00:00:00','2021-09-08T00:00:00',2,1,2)
insert into grupo3.RESERVA(reserva_id,fecha_checking,fecha_checkout,habitacion_id,huesped_id,satisfaccion_id) values (10,'2021-09-13T00:00:00','2021-09-15T00:00:00',20,12,2)
insert into grupo3.RESERVA(reserva_id,fecha_checking,fecha_checkout,habitacion_id,huesped_id,satisfaccion_id) values (11,'2021-10-10T00:00:00','2021-10-17T00:00:00',3,4,3)
insert into grupo3.RESERVA(reserva_id,fecha_checking,fecha_checkout,habitacion_id,huesped_id,satisfaccion_id) values (12,'2021-10-29T00:00:00','2021-11-05T00:00:00',8,8,3)
insert into grupo3.RESERVA(reserva_id,fecha_checking,fecha_checkout,habitacion_id,huesped_id,satisfaccion_id) values (13,'2021-11-14T00:00:00','2021-11-16T00:00:00',14,10,3)
insert into grupo3.RESERVA(reserva_id,fecha_checking,fecha_checkout,habitacion_id,huesped_id,satisfaccion_id) values (14,'2021-12-14T00:00:00','2021-12-19T00:00:00',9,1,1)
insert into grupo3.RESERVA(reserva_id,fecha_checking,fecha_checkout,habitacion_id,huesped_id,satisfaccion_id) values (15,'2022-02-02T00:00:00','2022-02-03T00:00:00',26,2,2)
insert into grupo3.RESERVA(reserva_id,fecha_checking,fecha_checkout,habitacion_id,huesped_id,satisfaccion_id) values (16,'2022-02-28T00:00:00','2022-03-03T00:00:00',18,7,1)
insert into grupo3.RESERVA(reserva_id,fecha_checking,fecha_checkout,habitacion_id,huesped_id,satisfaccion_id) values (17,'2022-04-07T00:00:00','2022-04-11T00:00:00',21,3,1)
insert into grupo3.RESERVA(reserva_id,fecha_checking,fecha_checkout,habitacion_id,huesped_id,satisfaccion_id) values (18,'2022-05-10T00:00:00','2022-05-11T00:00:00',33,1,2)
insert into grupo3.RESERVA(reserva_id,fecha_checking,fecha_checkout,habitacion_id,huesped_id,satisfaccion_id) values (19,'2022-05-14T00:00:00','2022-05-16T00:00:00',28,1,3)
insert into grupo3.RESERVA(reserva_id,fecha_checking,fecha_checkout,habitacion_id,huesped_id,satisfaccion_id) values (20,'2022-05-26T00:00:00','2022-05-27T00:00:00',9,9,1)
insert into grupo3.RESERVA(reserva_id,fecha_checking,fecha_checkout,habitacion_id,huesped_id,satisfaccion_id) values (21,'2022-06-22T00:00:00','2022-06-27T00:00:00',17,2,3)
insert into grupo3.RESERVA(reserva_id,fecha_checking,fecha_checkout,habitacion_id,huesped_id,satisfaccion_id) values (22,'2022-07-20T00:00:00','2022-07-23T00:00:00',16,6,3)
insert into grupo3.RESERVA(reserva_id,fecha_checking,fecha_checkout,habitacion_id,huesped_id,satisfaccion_id) values (23,'2022-07-21T00:00:00','2022-07-26T00:00:00',16,8,1)
insert into grupo3.RESERVA(reserva_id,fecha_checking,fecha_checkout,habitacion_id,huesped_id,satisfaccion_id) values (24,'2022-08-23T00:00:00','2022-08-30T00:00:00',11,6,3)
insert into grupo3.RESERVA(reserva_id,fecha_checking,fecha_checkout,habitacion_id,huesped_id,satisfaccion_id) values (25,'2022-08-25T00:00:00','2022-08-31T00:00:00',6,12,2)

